local_date,has_extreme_event,event_types,value_delta_kusd,absolute_imbalance_reduction_mwh,pv_reference_rmse_mw,pv_llm_rmse_mw,pv_rmse_improvement_pct
2024-01-01,0,,114.99102914533188,1356.8694126577484,1162.9116533785107,1018.5413007548358,12.414558939558967
2024-01-02,0,,47.64148531564057,761.3571426439776,1277.739200117914,1166.0217547130228,8.743368395880902
2024-01-03,1,Flood,-45.68862676330551,-399.74168713886684,794.8979579472649,781.0345303504361,1.7440512279877525
2024-01-04,0,,8.361148778464386,379.9388054524861,1364.497379685933,1252.9851540526645,8.17240306162665
2024-01-05,0,,8.901547516896269,396.63322772488027,1067.8973283392202,1021.154437951772,4.37709591989916
2024-01-06,0,,-3.4334876004353974,-538.1334266273116,1339.7900446188928,1329.493883811945,0.7684906189817736
2024-01-07,0,,90.55667322932568,1859.2533584228877,1880.4334396400093,1787.9776842496162,4.916725763401273
2024-01-08,0,,-20.315388706481013,-589.5193268586681,979.0096759460313,1071.4748434577468,-9.444765438335951
2024-01-09,0,,-42.73735473496349,1280.9420642366094,808.5380802793276,672.2543310281725,16.85557583188572
2024-01-10,0,,8.494373529656343,635.3745916437729,576.8507824016359,504.1667508560843,12.600144398338509
2024-01-11,0,,32.69750472163913,24.367651391090476,671.9505361181875,688.0381620744745,-2.3941681852393595
2024-01-12,0,,-88.12848001377938,-1602.9573978978442,2828.6426470468837,2676.6193370532433,5.374426145782446
2024-01-13,0,,-7535.388989733682,-157348.1942263321,366.53232943849946,358.67185682152706,2.1445509674451
2024-01-14,0,,-4192.54411827913,-146459.06037101572,930.3032849835843,979.1920252541886,-5.2551400236608865
2024-01-15,0,,-4204.954451842248,-187308.12592929023,611.2039591178351,710.2360624737224,-16.202791536040223
2024-01-16,0,,-5774.293876349665,-146481.17788726173,455.2297096654993,590.7989559224795,-29.780403910060247
2024-01-17,0,,311.6739559536417,5508.351166469027,1174.0050850818232,1103.8740699616578,5.973655140963678
2024-01-18,0,,-120.826754822923,-2157.66339847965,613.0472061627044,745.95464211121,-21.679804526053356
2024-01-19,0,,21.02640170872551,476.9907698393963,586.042223792733,594.3520661194917,-1.4179596604796303
2024-01-20,1,Flood|Heavy Rain,73.69298263645618,757.3625643766318,442.7218481432717,355.216396413226,19.765333944334184
2024-01-21,1,Flood,-39.90292088669891,-761.68472094975,1018.1295394608069,1104.7920516083882,-8.511933775487652
2024-01-22,1,Flash Flood|Flood|Heavy Rain|Lightning|Thunderstorm Wind,-41.81390516765145,-1065.6998239161858,434.8037976507829,582.4382363241782,-33.95426614741057
2024-01-23,0,,-111.76869089223587,-2039.4309990081965,516.9547983572321,730.3563096919758,-41.280497252929344
2024-01-24,0,,-3.681763971095761,-62.30219074474917,614.8578105328214,553.5637807101349,9.968813727773995
2024-01-25,0,,75.75272417839939,1293.678049172413,1475.8647538355722,1454.749690767748,1.4306909229283364
2024-01-26,0,,68.49444551183282,1111.937591769236,949.7487495225854,1061.4636405384142,-11.762573109149663
2024-01-27,0,,-81.22206094452565,-827.2065168964709,710.3265985826976,900.5560290522083,-26.78055852745374
2024-01-28,0,,30.7120323228687,461.14811454171286,753.6786572783546,915.3960821523272,-21.45707899676476
2024-01-29,0,,32.56451146482539,612.1605170034527,1655.7734084260935,1715.3401114270548,-3.597515378483027
2024-01-30,0,,-12.062814386557115,-633.589855294078,631.2861492147009,609.1995544383597,3.4986661443176366
2024-01-31,1,Flood,68.1797848639643,1322.5409048565052,1142.8251849666751,1147.9665693084337,-0.44988371007141303
2024-02-01,1,Flash Flood|Flood|Funnel Cloud|Heavy Rain,-38.85183025225946,-973.1251611050066,480.66097265107777,559.7441292896024,-16.453001416433445
2024-02-02,0,,-75.31695645863822,-1166.7859504162625,1836.6268984866133,2022.5261150407825,-10.121773600688895
2024-02-03,1,Flood,-3.4487644961535042,-86.57077809597831,566.7961375118891,584.3637582777073,-3.0994602120854644
2024-02-04,1,Debris Flow|Flash Flood|Flood|Heavy Rain|Thunderstorm Wind,-94.0095185870796,-1614.1160403505255,913.5833400661136,993.1137789208941,-8.705329373565977
2024-02-05,1,Debris Flow|Flash Flood|Flood,3.2341323758829894,-341.5580322318001,545.7097107242007,522.3749804926435,4.276033534494025
2024-02-06,1,Debris Flow|Flash Flood|Flood|Funnel Cloud,-115.63216689482859,-4163.083992662352,1009.8536027937614,1191.1633877693448,-17.954066260098454
2024-02-07,1,Thunderstorm Wind|Tornado,-141.96649740327268,-2423.394013405148,1703.973041130569,1566.8217532219528,8.048911842972455
2024-02-08,0,,11.807280708266807,-68.3508905650524,633.1894148298117,800.9834320800614,-26.49981400831683
2024-02-09,0,,-73.73653826003664,-2037.0025919071613,738.0932304902873,1047.4995797413987,-41.919683919277325
2024-02-10,0,,15.312222184841087,-146.0618621374233,1925.3320926570943,2071.0004348556363,-7.565881374652065
2024-02-11,0,,-109.47874178631822,-1917.9206000207305,974.3599608068187,1093.8636707854837,-12.26484202816688
2024-02-12,0,,-89.41102306747763,-1109.1727022374544,1063.2735407580649,1157.7357612196618,-8.884093964592562
2024-02-13,0,,135.68180555884084,1699.2281891406437,722.3063033227065,819.3888806950301,-13.440638261874588
2024-02-14,0,,-86.96153746968295,-993.5540183662852,536.5642923142849,520.1246375088672,3.0638741789005266
2024-02-15,0,,-61.51405376729335,-1170.1489943901452,330.95632471887455,388.0915270829585,-17.263668374555625
2024-02-16,0,,-55.57444189317519,-1381.3197470809173,417.67299620183877,537.3802949035901,-28.660531035121853
2024-02-17,1,Flood,-152.37299468047536,-4384.537408455435,683.3425252001509,886.8527722304558,-29.781586762904407
2024-02-18,1,Flash Flood|Flood,-182.55183632047766,-1001.0071586837221,688.6557819566988,693.4946125132175,-0.7026486502109928
2024-02-19,1,Debris Flow|Flash Flood|Flood|Heavy Rain|Thunderstorm Wind,-7.415185720889381,-608.7544602608868,806.4487836061395,850.630718862027,-5.478579192384956
2024-02-20,1,Debris Flow|Flash Flood|Flood|Funnel Cloud,-109.15484660034517,-1849.3959321979164,824.148324070664,872.0245052712277,-5.809170485731484
2024-02-21,1,Debris Flow|Flash Flood|Flood,34.498205841534684,357.25181452670404,483.8103438830651,439.63203025506107,9.131328874332988
2024-02-22,0,,-3.641332021262293,-117.16410210158574,876.7359092059685,1007.9090631110544,-14.961535455287237
2024-02-23,0,,-44.7174418854012,-696.2046713020354,618.1984505527297,667.9065035633795,-8.040792235277515
2024-02-24,0,,21.418892004532456,261.64064059422526,578.8110311063363,468.1237650725003,19.1232129460748
2024-02-25,0,,-199.3417977870786,-2413.704985499079,366.1730764643137,671.5503273083092,-83.39697003194522
2024-02-26,0,,40.0345009569932,794.1543815270561,1729.8996494541755,1654.566837467165,4.354750404786762
2024-02-27,0,,30.327721728465203,622.3217796338722,1635.2053625598214,1565.73525851623,4.2484024107430685
2024-02-28,0,,-164.12545699286503,-2793.8771944029922,841.5077111171611,1060.276715353583,-25.997266732825377
2024-02-29,0,,37.593097670479274,1675.5785419393396,752.8577672069086,775.7474199728282,-3.0403688137322176
2024-03-01,1,Flood|Funnel Cloud|Thunderstorm Wind|Tornado,-27.204184816629926,991.5585963815438,436.8724483093866,530.0617833315875,-21.331016726466956
2024-03-02,1,Flood|Funnel Cloud|Heavy Rain|Thunderstorm Wind,-20.343030365100542,-387.3578660342755,1700.6891187856038,1582.1775439030826,6.9684443543183106
2024-03-03,0,,-309.9235345821754,-5153.392283550335,337.07631273322124,323.88486642752497,3.913489559302446
2024-03-04,0,,-7.355591946019454,260.6800905049704,460.806634743862,529.0195488962858,-14.802936635306848
2024-03-05,0,,-112.80897383285529,-1389.7568971960336,453.6253387850535,551.3903859556541,-21.5519369866871
2024-03-06,1,Flash Flood|Flood|Heavy Rain,54.192477866779,1167.007726863394,1052.9302233029023,1021.6791548992,2.9680094380491693
2024-03-07,1,Debris Flow|Flash Flood|Flood|Hail,28.631458508233603,463.6819320494742,628.6408094115503,562.5451256971277,10.514061881584272
2024-03-08,0,,-164.77308573432484,-3143.4826270931662,684.2168187025102,771.1306757773847,-12.70267767455504
2024-03-09,0,,-34.18909092576516,-605.1150511947344,891.4210483950332,785.4825033900873,11.884231945799776
2024-03-10,0,,-158.20717298347842,-2255.683303756099,399.92261751295246,762.1704264316036,-90.57947539236609
2024-03-11,0,,126.64730329320668,3341.7862481186376,658.6925107020004,462.48657947626555,29.787181125929113
2024-03-12,0,,12.78554379615302,751.5187080801952,1194.5677021809167,1187.4688033238554,0.5942650922254937
2024-03-13,1,Thunderstorm Wind,166.2126930601417,3221.382022857708,1091.9896395607996,737.9687934240219,32.41979898995796
2024-03-14,1,Thunderstorm Wind,192.39388168856811,2957.9682724520444,775.4810985989029,897.4179265048135,-15.724023206525528
2024-03-15,1,Flood|Hail,8.579540655423159,-55.98973136648783,1578.3131354281893,1417.0984610105988,10.214365628646538
2024-03-16,0,,73.28799308871851,1954.295733179306,1027.2415496927647,886.3678197705741,13.71378815083212
2024-03-17,0,,-12.165370734007986,68.8419354753969,705.5601007062635,869.9673238163357,-23.30166104141959
2024-03-18,0,,62.058281145551,882.04595299211,407.3783144820927,443.06333589845883,-8.759676238960612
2024-03-19,0,,-62.43695599758196,-1085.049842816804,434.8176235516892,534.7431793721189,-22.981027080782745
2024-03-20,0,,-37.290930977430996,237.7119546955073,525.8297073589657,507.3395125509621,3.5163845916718013
2024-03-21,0,,120.45634171100782,2787.183928444094,918.4958688958702,740.7392640936034,19.353010810592885
2024-03-22,0,,-90.88955651641133,-1678.1191083097256,1030.5176586837201,1185.4495162187372,-15.034371922642405
2024-03-23,1,Funnel Cloud,-59.098148977447885,-228.12043435312262,959.8362363119854,903.4964835583502,5.869725545069187
2024-03-24,1,Hail,-201.8077153078049,-6669.513464895412,1342.6000401822648,1211.3417900388856,9.77642233092442
2024-03-25,0,,-177.01369768886047,-4052.6640762092247,439.77688881233513,486.48479198213903,-10.620818046156002
2024-03-26,0,,97.8233228385241,1853.2157947758424,531.0019108647667,537.6404832329166,-1.2501974535908145
2024-03-27,0,,100.69322551925178,2346.987814197929,619.7888763869162,619.0148004937067,0.12489347948965272
2024-03-28,0,,198.66233764603382,4410.681982407417,950.9893624328798,683.817269129775,28.094120066664956
2024-03-29,1,Thunderstorm Wind,-50.64041364577216,1537.5503301725075,947.2540324887465,955.1163798072415,-0.8300146580361426
2024-03-30,1,Debris Flow|Flash Flood|Flood|Hail|Thunderstorm Wind,-12.812649118968995,-1094.6632693758293,911.5352777548861,995.5162785771029,-9.213137754696907
2024-03-31,1,Thunderstorm Wind,-165.19754565914496,-4076.754217040816,607.573604774652,958.1966270298117,-57.708731830969704
2024-04-01,0,,-52.60510335528805,-937.8032821386878,859.4815656772699,913.1370407150256,-6.242772059395507
2024-04-02,0,,81.48602236158564,1646.395620019539,1252.9214623336095,1392.691985357222,-11.155569381283087
2024-04-03,0,,-319.83048615059676,-4661.359403388831,584.0274666221303,856.3069337910848,-46.62100375924976
2024-04-04,1,Flood|Thunderstorm Wind,-277.5975513548893,-4036.6770144797592,805.6501724427183,746.0241238237682,7.400985025319971
2024-04-05,1,Hail|Thunderstorm Wind,-72.68109950337612,-1271.1240622691857,1031.0589248651766,1001.6003732944847,2.857116199691875
2024-04-06,0,,-435.17433139316853,-6512.508635249449,650.1698411597314,892.4019694946728,-37.25674631460346
2024-04-07,0,,65.31208440582658,2556.908790986563,768.5117225844461,721.1961835120061,6.1567751905360035
2024-04-08,0,,-40.13408825338508,-336.75538132692054,939.5532104968279,1129.6151133884184,-20.2289663606266
2024-04-09,0,,113.42051092701266,3017.2914672937095,747.6337447132134,679.3078386949672,9.138954267567938
2024-04-10,0,,-132.62301604635013,-2812.826283854736,859.8946371396945,885.1134599972146,-2.9327805719787445
2024-04-11,0,,18.366287635420157,-23.83758938540268,635.2146981575848,917.0394010453016,-44.366842219668115
2024-04-12,0,,-39.55585453122699,-1910.299077719863,858.5975646902904,1037.5802031396731,-20.845928967192517
2024-04-13,1,Flood,-35.242275516175106,1758.9119574835386,634.550634412563,604.1659153837285,4.7883836814635385
2024-04-14,1,High Surf,-63.25167035789027,-1391.040245087741,1418.2059025716242,1631.8759447272926,-15.066221468139558
2024-04-15,0,,-68.07165762391706,-955.680743866882,836.9622990396949,792.0079731621576,5.371129133189942
2024-04-16,0,,2.3021948300877657,267.3975414194656,418.2248557596395,445.16804570357596,-6.442273713024152
2024-04-17,0,,-28.94210161198456,-629.7741900895244,389.0680013480934,471.90503203950743,-21.29114458253815
2024-04-18,0,,27.66837895702249,490.206360993614,806.0751777265083,803.9389756521374,0.26501275977706307
2024-04-19,0,,-118.74339830269612,-3166.154893168483,550.04414926867,567.5801625017107,-3.1881101283153823
2024-04-20,0,,-121.52450372208878,-4894.803331445426,901.827605227772,1288.438310495076,-42.86969072871292
2024-04-21,0,,-207.1573385954964,-3384.6812255040313,699.2804198163639,1012.7543295768693,-44.82806909463101
2024-04-22,0,,-145.5891382127996,-2951.0942935812545,692.6479658717279,969.0301164256163,-39.902253983529604
2024-04-23,0,,-124.5855329219398,-3382.0075969480895,1116.9486197485344,1129.5267416052677,-1.1261146335956906
2024-04-24,0,,-1.9028571873591191,-139.0374841198418,487.62720262708416,530.9423370345578,-8.882837990603068
2024-04-25,0,,-108.83101283539675,-2497.0910794981937,700.9091803042916,652.1414683356793,6.957779030293246
2024-04-26,0,,-51.65975098817625,-488.48367868625064,665.5347174994462,682.187579502242,-2.502177807547609
2024-04-27,0,,-40.24535832702627,-825.3196994096834,749.5186171155905,774.5234730563723,-3.336122061518527
2024-04-28,0,,40.8779284964005,491.343188057499,539.5876543069193,551.9398409058622,-2.289189995425091
2024-04-29,0,,48.3217593842737,842.044101787862,1526.7576461489225,1346.0803165944767,11.834054344524452
2024-04-30,0,,122.41632294482673,2073.5857120682886,1174.1194114144414,793.409356153024,32.42515638190349
2024-05-01,0,,76.69719678502067,1215.0631584296661,950.1928592550909,707.8614618088898,25.5033907154573
2024-05-02,0,,23.451754907217584,435.7063130761526,891.752227758793,956.2086643320796,-7.2280656629569116
2024-05-03,0,,-12.100412612292097,-86.1426411840821,661.1162300275814,745.6760496253122,-12.790461912302924
2024-05-04,1,Flood,-69.50887373196342,-1490.1703578742672,1461.4486599151264,1493.5025995599544,-2.1932990548357365
2024-05-05,0,,-125.23713627976619,-901.8329660410091,854.343004064381,1027.481200509563,-20.265653914353905
2024-05-06,0,,203.23375147330694,2815.9841753966684,1707.846781492188,1507.7874583714506,11.714125956073216
2024-05-07,0,,-67.13596491181129,-1966.80303622887,1098.153373885766,1434.2930286681524,-30.609536224705234
2024-05-08,0,,254.1606500241858,3859.408246720297,1261.3892716579915,761.0542672380019,39.66539240993708
2024-05-09,0,,-9.199421229506797,-219.92474572680294,1620.2213102753492,1587.1480942892683,2.0412776807916586
2024-05-10,0,,38.40987920834635,611.6320048202997,679.337913596556,565.5047332786943,16.756488639829502
2024-05-11,0,,89.14517088261202,1796.1409693873866,910.8330666274944,664.9553412913367,26.994817639478047
2024-05-12,0,,-206.8817125951698,-3035.9535894549917,519.2547859086699,800.9242394929348,-54.24494125583407
2024-05-13,0,,68.02403307122852,1440.8855820770877,1530.2267094072572,1321.7020881409303,13.627041011923012
2024-05-14,0,,38.990015023074406,822.1839012746623,902.4132739412862,812.0572827078854,10.012706355567154
2024-05-15,1,Lightning,-11.27871037953349,28.00086597517293,922.861644946127,831.2820060121223,9.92344187620352
2024-05-16,0,,-154.74027727624815,-3082.8821418492043,730.4964825919582,744.9478209349562,-1.9782899284773547
2024-05-17,0,,-17.93084692559437,232.65815773797294,546.527226186507,534.4123137646112,2.2167079408705472
2024-05-18,0,,-128.03024632458846,-1980.6492132087478,548.2158217771697,664.2037009543293,-21.157338874525323
2024-05-19,0,,152.1016190441564,3373.3950775130324,1322.8910106041862,1275.9098154014202,3.5514033148739075
2024-05-20,0,,-64.42103721080494,-2094.54953179288,1369.0951126956402,1477.6412043675732,-7.928309046273224
2024-05-21,0,,-44.72070593727678,-745.8680509801034,666.3842539841726,532.9293377177004,20.026721140028904
2024-05-22,0,,-39.45984732550203,-594.0413636961057,660.861227241952,705.7977528246885,-6.799691634244497
2024-05-23,0,,49.435650043693244,1888.6083562750155,572.5628822774876,511.2375781266046,10.710667081133316
2024-05-24,0,,-67.50945195853437,-2522.1006696589393,1154.133893564586,1366.306650649021,-18.38372118412808
2024-05-25,0,,-245.5709015735987,-4526.657587408285,492.6762493125086,532.5315842654762,-8.0895588144512
2024-05-26,0,,194.1162101037185,5505.819758423553,858.7791682103189,629.161848386984,26.737644358776585
2024-05-27,0,,-62.14330071235778,-665.5722992604715,1096.267560263218,918.0929150183587,16.252842983156313
2024-05-28,0,,12.74018001502646,269.84307034181256,1114.1037997622288,1004.8699285261049,9.804640398806336
2024-05-29,0,,35.29175081466033,1054.9444478389942,643.1515030244815,698.7024672411571,-8.637306133227074
2024-05-30,0,,220.34910266263532,3844.482429864409,1045.1609510077647,606.5413388051727,41.966704915608105
2024-05-31,0,,-25.49965889139053,-495.63333360743854,483.66464483251923,434.5442899827086,10.15587047236412
2024-06-01,0,,173.0814508034104,3336.1111896894636,528.5166341612562,411.5737704946163,22.12661931676484
2024-06-02,0,,151.27869922414354,3364.29296871931,954.0436848375869,850.9866756358439,10.80212686689363
2024-06-03,0,,-51.24319441130452,-1126.6937666801095,1166.1378286830438,1173.905362156799,-0.6660905154347995
2024-06-04,0,,4.098029153495783,188.98938575696593,1695.6486021483422,1588.0915639831749,6.343120740281648
2024-06-05,0,,-295.8821354114746,-10307.205447287764,508.43894197288483,526.9709922146569,-3.64489198444607
2024-06-06,0,,-16.0655933227644,-115.22384392027016,690.3912632421135,471.81806990337833,31.659322036073288
2024-06-07,0,,-51.646323525705114,-959.2089357967143,404.86885707675776,434.6378038279578,-7.352738110344759
2024-06-08,0,,-81.03987209857635,-1702.5694401864857,1128.5657787711382,1151.8029862778008,-2.059003377894807
2024-06-09,0,,-149.5270970647308,-2239.794133465941,495.43146598849677,500.686948886711,-1.0607890816398482
2024-06-10,0,,-90.46413045051779,-1651.8510419661689,1370.90383471207,1458.973657291348,-6.424215933262399
2024-06-11,0,,-54.849076959954004,-1034.8587723027395,405.5982550071553,344.6024003606206,15.03849040116275
2024-06-12,0,,-84.85735216654665,-1905.2752000185064,291.8008141734982,398.8982352187692,-36.70223516977345
2024-06-13,0,,-35.03271848974329,-485.3067844557918,506.2200272810569,486.2697243590431,3.941033907561555
2024-06-14,0,,-39.04472601988063,-931.943217003789,507.208349133173,463.0954757339451,8.697189917046417
2024-06-15,0,,84.93371805138825,1519.1107761005605,677.8905078542135,507.62169813366097,25.117450052445697
2024-06-16,0,,-57.07956586551444,-1309.5582834617653,816.7279149260316,631.8121684558193,22.64104643551451
2024-06-17,0,,-85.83805807388511,-897.6436773631358,510.9559111597692,515.0368697775557,-0.7986909493861292
2024-06-18,0,,60.68642406842618,599.1803073099691,732.0725955118297,600.6031060861976,17.958531740109056
2024-06-19,0,,69.79375848958031,1345.6732793813917,903.7766568410289,659.3025988211076,27.05027355701259
2024-06-20,0,,-63.64287377875031,-1391.337533030859,1163.9950631278905,1025.5938485220117,11.89018914169332
2024-06-21,0,,15.366660119624813,387.16746510221856,565.0777921435235,418.8578469916005,25.876073557458927
2024-06-22,0,,58.07369001327998,1180.3962139651812,635.0401770816154,408.48199705273225,35.676196279430975
2024-06-23,0,,22.778478707115237,554.365803125289,797.842042937013,618.6700061522304,22.457081369792856
2024-06-24,1,Lightning|Thunderstorm Wind,24.696702000123903,115.28296195974326,744.5323477192029,722.6154292232225,2.9437160874367154
2024-06-25,0,,-306.0614675125554,-5921.533574960013,798.9860478328353,682.6914735335179,14.555269721511923
2024-06-26,0,,104.05724734685774,2152.4502890199055,644.5485025820592,434.1971049156845,32.63546448773175
2024-06-27,0,,-13.430425308553756,-423.7538776495194,350.1122745472972,395.51845824000367,-12.96903507636733
2024-06-28,0,,121.7473125923633,2082.2743720517356,2318.764002619841,2238.3011076161165,3.4700769424061266
2024-06-29,0,,200.99733991801656,3981.0181240798593,910.9886189789521,667.7890722054645,26.696222291565924
2024-06-30,0,,40.514694461382746,477.76075327510443,557.3987640850817,550.5780762432881,1.2236639693647429
2024-07-01,0,,63.084669627774524,869.3668572168099,733.2295849076216,615.0447038075353,16.11840050275335
2024-07-02,0,,-114.16412110823563,-2565.481122897956,998.0771782451949,913.3624635255692,8.487791983037816
2024-07-03,0,,-200.8111535502985,-4260.529340391826,992.6811750987417,1025.664597545593,-3.3226602129903906
2024-07-04,0,,86.3985786620344,1450.0749553862443,583.4003648933176,571.4658788279233,2.0456768256524196
2024-07-05,0,,421.5324083577648,-9404.400802088017,367.0793838196233,382.7470641193405,-4.268199465926986
2024-07-06,0,,48.83294342030758,986.9193879032882,962.8280764364698,690.3987500285687,28.294701107615328
2024-07-07,0,,-8.174595431503105,167.06491612936406,586.4930919333364,697.4346827507479,-18.916095064598256
2024-07-08,0,,-47.29481558796104,-8555.637181747074,393.5681153172163,529.7995921856002,-34.61445975078066
2024-07-09,0,,759.0531922428429,-10261.455559681013,535.9606168111221,383.56250788864037,28.434572269362913
2024-07-10,0,,3560.7807990601186,-23864.267419693173,195.67798729192202,288.9091207257088,-47.64518213011871
2024-07-11,0,,5265.56229912352,-20410.987284204406,811.7422276132492,817.6751001469487,-0.7308813477825165
2024-07-12,1,Thunderstorm Wind,811.5843478404906,-9371.037748681352,1394.4153144167124,1468.362711376301,-5.303111361088353
2024-07-13,1,Thunderstorm Wind,39.82637105547578,870.5320279334737,647.4150087662377,532.5869774694443,17.736386976202226
2024-07-14,1,Flash Flood|Flood|Hail|Heavy Rain,-82.51691834436602,-1359.294980608116,1226.6228703416343,1268.5134526675276,-3.4151150560421324
2024-07-15,0,,44.25639030762584,756.3054697882144,849.8819182332038,888.8950672238577,-4.590419934072404
2024-07-16,0,,73.19967181335473,1203.6247136529437,523.9060620536376,434.20721472659295,17.121169962309246
2024-07-17,0,,18.68811931113128,459.7900595389656,1318.6512171796985,1213.9592158782812,7.939324662766417
2024-07-18,1,Flash Flood,42.34837563101857,771.4307654256609,709.178279634441,737.8161279321932,-4.038173350784824
2024-07-19,0,,632.1593288961271,-7002.965615495959,430.6911126224399,370.85709907576614,13.892558214714432
2024-07-20,0,,-5.940460869543749,-188.49115510401316,340.2607820055742,310.5701074738457,8.72585854788345
2024-07-21,0,,57.967166126384036,1316.7197968323198,668.3327739785752,529.2633007656038,20.80841739738317
2024-07-22,1,Debris Flow|Flash Flood|Thunderstorm Wind,-39.268235883579706,-608.0190888074621,466.3185116448477,283.60859127262785,39.181356907266284
2024-07-23,1,Flash Flood|Thunderstorm Wind,-7003.587839746586,-19294.105294116016,684.3920368489436,780.0592053059466,-13.978416361691005
2024-07-24,1,Flash Flood|Thunderstorm Wind,-407.18184167749536,-9072.119596180457,923.4388654326798,980.6576452966931,-6.196271567712638
2024-07-25,0,,126.44749495866814,110.63205132685107,678.4491437983271,529.8446127577034,21.903562322837452
2024-07-26,0,,102.63614458652624,1358.6142123341692,295.3829995620975,236.90889829197673,19.796027989697468
2024-07-27,0,,145.95716741511657,2125.22741338953,1011.4836822196883,913.4102559206044,9.69599688290205
2024-07-28,0,,185.54663561090146,3147.9701972478797,1000.22247043993,608.9681323119526,39.11673149633313
2024-07-29,0,,121.95791344078812,2238.6642636014585,606.3845453265156,461.7106007568484,23.85844851830214
2024-07-30,0,,-6.461606687897933,-149.27913952030667,423.8551452822418,421.3017527455068,0.6024210311366378
2024-07-31,0,,33.72730242512086,457.1965649646172,671.7248433804842,581.2955072910529,13.46225868829591
2024-08-01,1,Heavy Rain,477.9200531921315,-10068.89893536397,1616.4341854041231,1616.823977510302,-0.02411431963630802
2024-08-02,1,Heavy Rain,1146.7823816672894,-15708.37276299762,1774.7481232454459,1713.5277526136742,3.449524460959518
2024-08-03,0,,963.6759183489265,-9870.727881565814,2104.483730346926,2022.337191130362,3.9034057632283163
2024-08-04,1,Dust Devil,852.3313606771657,-5555.4897991406615,1122.0178371609065,862.421997051475,23.13651632903616
2024-08-05,1,Flood,4480.712758660048,-23362.44188807276,509.66197760572476,490.2845104812165,3.8020232969975827
2024-08-06,0,,2228.4331519046145,-20426.41570898626,1013.0360513520689,898.4004549184128,11.316043124097641
2024-08-07,0,,-10.085305617211478,-162.89520806978908,1029.9083412944458,995.0457457630854,3.3850192423476404
2024-08-08,0,,-2.896555473647459,126.01952114319647,734.0764207617909,764.3767628662364,-4.127682247714912
2024-08-09,0,,-72.66190964713012,-1340.5609898884777,791.2445474065615,809.1717462842848,-2.265696356010634
2024-08-10,1,Thunderstorm Wind,46.74898420142786,767.2102704910358,812.903616218141,875.0945022151583,-7.650462460278746
2024-08-11,1,Debris Flow|Flash Flood|Hail|Heavy Rain|Thunderstorm Wind,24.359932687598764,424.709663161786,566.9765772155693,584.0652207344102,-3.0139946173373793
2024-08-12,0,,64.74425892533847,1363.3056336463724,602.2440629477485,462.5747700352563,23.19147692861691
2024-08-13,0,,84.01832549101962,1635.4698856672967,544.3159854332822,481.1717413104394,11.600659508939316
2024-08-14,0,,-23.01190632695602,-476.29910344525524,450.1112117458916,517.9127745697033,-15.063291261024798
2024-08-15,0,,7.260679818028617,205.81105339064925,428.75149661555065,477.11355109058024,-11.279740095786648
2024-08-16,0,,1.7360723487219984,-90.25120555005833,491.5169978757164,444.64490222835593,9.536210517629428
2024-08-17,0,,40.16954982598664,849.5139865322853,1104.8164007784237,829.4833988598765,24.92115447639581
2024-08-18,0,,-33.365427555859526,-848.96145208093,504.01104163177354,449.4641811699207,10.822552673698032
2024-08-19,0,,18.520402279245435,279.4930669701207,583.0949436937692,526.5849289594818,9.691391658502438
2024-08-20,0,,-43.642851376135255,-813.101388109113,348.59835406103974,427.56091281928417,-22.651443369815237
2024-08-21,1,Flash Flood|Thunderstorm Wind,61.223384300438326,1238.6442119624135,451.07543199399794,441.14536146566763,2.2014212754691624
2024-08-22,0,,0.5629857286266411,8.191580325366886,791.6617643947725,754.0866058164559,4.746365211542449
2024-08-23,0,,21.35778521814561,338.34818367031403,718.6549498727811,695.6008503670541,3.2079511189351857
2024-08-24,0,,45.623157512640525,896.2859717940164,473.61258301001317,427.5874174864887,9.717893310818438
2024-08-25,0,,-2.422756774142927,-21.23512821993063,636.5730420305391,787.2330024544493,-23.66734851720007
2024-08-26,0,,47.21667456256912,936.9277670190186,683.8114326977791,527.8636677931281,22.805667973318965
2024-08-27,0,,-104.76972442741814,-1841.2603169400645,219.10901650964837,169.05614811491884,22.843819570759415
2024-08-28,0,,22.84683680119321,528.1060220747568,691.3926503801554,524.4875178586702,24.140426200613213
2024-08-29,0,,-141.93659074099185,-2682.101459087973,658.947379598344,587.4835617627882,10.845147890126825
2024-08-30,0,,-12.257064450301561,-357.72573684372765,2471.7492113491985,2557.229174708912,-3.4582781686437567
2024-08-31,0,,78.22036259712317,1724.3958938788128,1206.6804244834084,1032.8812643312258,14.403081099669592
2024-09-01,0,,-1.0996619899247362,57.601969912495406,1325.1139425718634,1076.8145968408448,18.737961903042372
2024-09-02,0,,-9.308983358568453,-172.31146437287498,647.9223024242358,534.1684280903015,17.5567153512571
2024-09-03,0,,-139.92051189168455,-3124.262760192598,833.5966028868186,788.5745513147874,5.400939904999111
2024-09-04,0,,2537.7535652735532,-16589.88591799482,969.4554742811405,903.2963008753804,6.824364311813046
2024-09-05,0,,10373.683650100667,-40190.58275024085,458.37318252785093,503.1240392608631,-9.762974458108294
2024-09-06,0,,1969.4987935227764,-10945.038384890886,1115.2206952641998,1109.258076210599,0.5346582141921408
2024-09-07,1,Flash Flood|Hail,7.450753656645371,253.58084344328745,1137.5642394657095,1232.8242574415865,-8.37403415745722
2024-09-08,1,Flood|Hail|Thunderstorm Wind,-19.41074204829356,-650.6841765371792,782.9072948236634,695.7911321441911,11.127264141675129
2024-09-09,0,,-119.33743584780639,-2663.891289307121,1325.7557463190653,1196.844153091478,9.723630735564068
2024-09-10,0,,-20.45158405319653,-406.19121441525203,672.9904265750059,580.8676813470415,13.688566967705174
2024-09-11,0,,14.594715429352785,241.03115304869243,758.0973186715953,781.9519631087569,-3.1466467232679043
2024-09-12,0,,-12.156310014049588,-318.85728090134944,1013.3701746975054,1117.9662367503222,-10.321604549298987
2024-09-13,0,,6.828171873027906,308.65788439392327,430.35572556285626,569.5951088307432,-32.35448606749166
2024-09-14,0,,-6.822695527334873,-174.22794843620613,634.7308107362359,757.480445950856,-19.338849341855745
2024-09-15,0,,-62.84942617895777,-1253.0228768500747,897.8078726449102,992.6869617807698,-10.56786112337701
2024-09-16,0,,67.74014458832843,1227.0967566907202,1211.2957377129953,1215.3230945996215,-0.3324833697698057
2024-09-17,0,,12.99603496414908,312.6760263973847,1274.6415153090134,1188.2109504099349,6.780774348003642
2024-09-18,0,,-24.801261245028826,-415.50387328139914,634.2011093230386,648.040646820689,-2.1822001403345035
2024-09-19,1,Flash Flood,-17.817511023575143,-398.1122361425587,737.3608454683261,695.1178909416599,5.728939200702493
2024-09-20,1,Debris Flow|Flash Flood|Funnel Cloud|Hail|Lightning,-1.1917750578775994,-118.03484346269215,829.0192331240947,819.6035749445333,1.1357587138333636
2024-09-21,0,,38.09140720779749,600.4418193103902,752.2998662440901,713.1705977579193,5.201286115007104
2024-09-22,0,,111.26158332716275,1651.6175212182934,733.1200067976947,537.5464526857903,26.676881315267824
2024-09-23,0,,-0.1165143284001424,47.70199589778349,699.6438969989815,646.5030476625227,7.595413833294136
2024-09-24,0,,-42.932545859220006,-925.6889418555511,872.1964898657849,823.3739495475425,5.597653841252598
2024-09-25,0,,37.534893680557644,844.7597091662756,2913.3602221819915,2789.096403140607,4.265309112661525
2024-09-26,0,,119.92948315145638,2425.598829122602,941.4488652754063,787.5326738223569,16.34886366430785
2024-09-27,0,,14.263585068745003,337.8078597784188,830.480404048013,737.1189736394239,11.241858321221942
2024-09-28,0,,32.537948127282874,713.0916993109113,1052.2582477374187,940.5165115196902,10.61923120659755
2024-09-29,0,,135.6386339483671,2607.854316850322,699.8194574997724,539.9006642831007,22.851435681426977
2024-09-30,0,,58.78548498040774,978.453187926486,461.35410569634377,443.69733301326977,3.82716279427573
2024-10-01,0,,110.25418887209233,-7932.377749893803,512.3490606716152,526.730536930165,-2.8069684054261335
2024-10-02,0,,410.2643699138662,-9386.197106478832,347.1168414386607,398.8273429998044,-14.897145683518069
2024-10-03,0,,-5.617908030761751,-306.9148876022473,377.16013358675895,304.75470699837433,19.197529150235344
2024-10-04,0,,-79.18815218001326,-1889.09605657445,299.72306745007234,285.6597489507396,4.692104154337541
2024-10-05,0,,35.907197054361546,743.1995955673738,551.0106111281881,482.7503509795301,12.38819339774526
2024-10-06,0,,60.58225617541849,-3780.926799175062,404.2094890362055,395.57980719928486,2.134952808133531
2024-10-07,0,,321.9346801801464,-8940.107837109832,502.31077223720695,491.73784031010814,2.104858687383661
2024-10-08,0,,46.02924908939977,835.3390660038631,410.37435518961433,407.48705283371726,0.7035776771584552
2024-10-09,0,,28.58828440732768,-342.52043595770465,397.51989811349324,382.05987927370654,3.889118233616777
2024-10-10,0,,-94.86800098830388,-2164.5415122765735,334.264883574832,381.9017848001415,-14.251243120680666
2024-10-11,0,,-22.31905287679791,-504.6753733399528,557.0416505750001,610.915892395108,-9.671492565142456
2024-10-12,0,,5.215548303015323,113.61374356257693,584.9307023189782,591.5266490600523,-1.1276458416226371
2024-10-13,0,,7.47851680684821,-56.131501334546556,537.6110245048817,570.6740765707324,-6.149995174727013
2024-10-14,0,,67.66560330645139,1377.1014181528244,564.7414656821492,506.7217455379801,10.273678075699163
2024-10-15,0,,-18.158177870465956,-216.67423137083097,332.56518699886504,374.14486595365395,-12.502715431525552
2024-10-16,0,,-3.9865172081819185,222.6420728055873,690.1562796350358,747.7900439804708,-8.350828072724706
2024-10-17,0,,-1.1722411662491194,22.220147510744937,539.1798888017083,560.878469692294,-4.024367625953053
2024-10-18,0,,13.459939680410963,64.89714759756498,682.0938860332083,876.663077329698,-28.52528006489373
2024-10-19,0,,-4.19074078701225,-593.3515093281712,591.8555295000187,757.2546648746853,-27.945862990312968
2024-10-20,0,,77.52093505142257,1133.620317617253,668.3094456304016,440.378961491382,34.10553084791699
2024-10-21,0,,-78.9448224737213,-1323.6318330823142,403.9399790111876,387.80054037355836,3.995504153150984
2024-10-22,0,,8.056944060863662,106.82346114968459,743.698066206761,660.6692723129119,11.164314883503506
2024-10-23,0,,17.120107586684053,442.3371101988423,342.41693889107927,347.06081855685096,-1.3562061739150357
2024-10-24,0,,9.95810181214378,85.50472900361638,652.2596414667231,640.0582216794957,1.8706384714820565
2024-10-25,0,,-96.71188616620597,-1967.7050778321263,984.8101440958395,1068.4111303008447,-8.489046006096915
2024-10-26,0,,-101.63377339283491,-1800.1291400912196,677.3901567375678,852.2040572864743,-25.806973840724442
2024-10-27,0,,100.58314619451346,1738.2726912529288,1120.9877822595104,1078.5051349214023,3.7897511471961174
2024-10-28,0,,4.597380060727051,219.7862607972711,738.4396615584857,769.9615311550975,-4.268712968380459
2024-10-29,0,,70.95471879575368,1348.1735522391773,916.8697476151044,794.0858074842206,13.391644827442564
2024-10-30,0,,-58.22668638443759,-1202.0841073176925,987.8003547104059,1141.703151074091,-15.580354433948836
2024-10-31,0,,35.29043409449117,761.0314318121927,638.7809139168085,567.7275318809225,11.12327880935084
2024-11-01,0,,27.25257104693563,449.12418526329566,561.4510494740864,670.8214051816645,-19.47994501212988
2024-11-02,0,,39.398330781838744,783.1129967995948,1207.728384286534,1286.0101316645666,-6.481734502272014
2024-11-03,0,,88.71993583211365,3335.1962944734223,1418.6776901016324,1461.5223076251727,-3.0200388588947944
2024-11-04,0,,140.3526506053629,2349.0462035347555,913.2934776529568,735.8836106445139,19.425285666592384
2024-11-05,0,,-186.41876362738148,-3373.370917470871,933.5014290706993,1379.825723336588,-47.81184906274912
2024-11-06,0,,118.34565340483687,2632.290308621621,751.6252816096342,692.4322425781744,7.8753390126388
2024-11-07,0,,12.834395190613657,175.36691099052405,945.2894418479464,931.0752047861383,1.5036915078645776
2024-11-08,0,,72.96685210536239,1522.0394159861016,574.1090891427837,419.0229590182409,27.01335565965445
2024-11-09,0,,81.06131586065503,1504.648774811435,471.862012316765,326.8175183016239,30.738752056559168
2024-11-10,0,,42.845894551520885,1216.005946838225,485.29874275283385,542.9808575283542,-11.8858982506984
2024-11-11,0,,-39.64678348074359,-828.198302512279,702.7870845528172,762.7786441094304,-8.536235351391776
2024-11-12,0,,-56.626243569268624,-820.3164336593363,698.9774168277464,729.5212698910342,-4.369791115986068
2024-11-13,0,,-114.14709364394625,-2290.1228727133093,1109.5951747624872,1479.3203123603716,-33.32072326982004
2024-11-14,0,,-20.271409539561045,-1098.3732255799296,636.4752523518625,780.7230097356041,-22.663529626757132
2024-11-15,0,,88.02503458778995,2277.285420008713,548.6240940712653,346.6103294987592,36.82189075463114
2024-11-16,0,,76.84100327640108,917.9685152818183,736.7300475534427,723.4473144787752,1.8029308182525217
2024-11-17,0,,189.3827960506731,3330.128559371369,1521.5279670035318,1013.8425564048204,33.36681425570753
2024-11-18,0,,113.90302674861424,1820.8309945530127,606.3000169175716,607.130266670383,-0.136937115230898
2024-11-19,1,Heavy Rain,37.959276810172945,995.5759769527122,551.2298038823402,533.6516320682863,3.1889008341439338
2024-11-20,1,Flood,-176.80970647121882,-3931.960310944505,1532.0327331348988,1669.19115214394,-8.95270812708961
2024-11-21,1,Flood,-84.9003430372233,-2141.2304496707693,1440.16524317934,1567.8612432046123,-8.866760299211762
2024-11-22,1,Flood|Heavy Rain,-139.0578512398281,-3038.102787691434,985.7332159626961,1155.4516255465514,-17.217479013132706
2024-11-23,1,Flood,-37.382316534563024,-659.2718089576392,550.1481741987824,578.8235321121963,-5.212297206143735
2024-11-24,0,,55.732930152165466,1043.6897818056732,546.5813553993497,556.7056057023646,-1.852286069219784
2024-11-25,1,Flood,8.328918924181984,267.7818779613026,760.6244553164712,648.2543325366489,14.773403878142298
2024-11-26,1,Debris Flow|Flood,3.7212561270715097,85.99946757034922,484.3630235491273,544.6828798262773,-12.453439536974047
2024-11-27,0,,4.078482641980343,74.42525864786512,959.0515920339004,1039.2252633831413,-8.359682838252033
2024-11-28,0,,36.56128692064597,379.23505606052095,902.5807222136648,932.9373694424042,-3.363316596690311
2024-11-29,0,,-110.07903258918945,-1833.4670937652263,2166.891569198617,2240.897472968292,-3.4153025846625225
2024-11-30,0,,-57.32812272170259,-1277.857487065623,1045.4930620376258,1203.7484111686845,-15.136910504468108
2024-12-01,0,,55.045182221623456,999.6559125860567,1164.3663839460737,1113.09724918713,4.403178884741672
2024-12-02,0,,78.1764670198662,1271.3023170698689,969.5937890087414,825.5280790261673,14.858357346725455
2024-12-03,0,,47.73336719891621,700.2551307169624,363.54988105882404,299.00868433248894,17.75305125622969
2024-12-04,0,,95.54889701997017,1765.177564114305,676.5012368143431,519.1608888547123,23.257954220534675
2024-12-05,0,,82.66996204834356,1895.2560806128786,823.7161180669541,652.9223590359909,20.73454134074387
2024-12-06,0,,7.193775245033599,257.4247083475375,476.0181771207012,446.45680668967407,6.2101347914559595
2024-12-07,0,,5.718761192993183,148.67872165285735,512.1496574759659,492.2174961419833,3.891862670027848
2024-12-08,0,,24.193446324184336,611.3073993002581,772.9296847652455,766.4109765174343,0.8433766196715661
2024-12-09,0,,60.378278005495865,1214.025020855921,514.9184354933511,485.1817378333056,5.7750306864725784
2024-12-10,0,,-42.04043722362867,-863.0749019740797,283.49609868613913,282.27722175342734,0.42994486991555486
2024-12-11,0,,94.73056412711047,1751.2241768830845,1179.723692038454,1024.9975992056784,13.115451853427057
2024-12-12,0,,-56.34654536993308,-1514.0848936588318,779.7571244887523,850.2806920014519,-9.044299218033872
2024-12-13,0,,-66.23412569570331,-1151.174124457455,817.0978589556177,956.815699104933,-17.099278699358866
2024-12-14,1,Flood|Thunderstorm Wind|Tornado,26.999949596147744,689.7166832514704,1145.6146517843722,1161.6370965912101,-1.398589375745317
2024-12-15,0,,-256.9518807181375,-4409.957453268968,946.6476108116765,1315.4389613369858,-38.95761699637096
2024-12-16,1,Flood,42.72823555347058,821.8635006993063,765.3010825506113,640.0479590936053,16.366515912869197
2024-12-17,0,,76.77975447317307,1107.9542714777526,423.2160053712791,410.62647388368674,2.974729530029897
2024-12-18,0,,-12.07811890129531,-237.7752666716624,442.55285068990264,406.528484086214,8.140127568386392
2024-12-19,0,,-13.582716440936291,-21.491013764938543,559.0557485734076,485.5582116933271,13.14672768639456
2024-12-20,0,,-105.63853677860752,-2155.2249976584717,289.2798571285702,454.20412223421044,-57.01201139363803
2024-12-21,0,,-77.18008736382899,-1797.820993577021,967.4741007227525,1170.0388899432864,-20.9374895998981
2024-12-22,0,,137.30079865395598,2099.2567228667103,2225.7256780739563,2056.7154351844943,7.593489375371539
2024-12-23,0,,-11.51408503536301,-43.45596514846329,1065.6721996473398,1076.157460703928,-0.9839105364724916
2024-12-24,1,Flood,-100.23834892332577,-2099.599956963022,1219.8120073671093,1265.8673791408976,-3.7756122661225464
2024-12-25,0,,-0.07561126671461352,-290.0022261626582,882.6758812307191,926.6350609438579,-4.980217614176365
2024-12-26,1,Flood,19.0250603541646,494.8990606560983,1173.3750184489006,1169.2729340829785,0.3495970428401235
2024-12-27,1,Flood,86.60078299992828,1504.099784831411,701.7688847466189,559.1876938904921,20.317399923994525
2024-12-28,0,,58.286510214855426,1166.490219653213,703.6171222939943,758.2734112376492,-7.7679020609191065
2024-12-29,1,Flood,-78.4313299353458,-2028.6769565154864,1308.361018946626,1480.5311021972093,-13.159218347027723
2024-12-30,0,,167.76824354915973,2917.0323304037847,1088.0282182253018,1052.7595672125622,3.241519881742296
2024-12-31,0,,107.27780549115569,1800.3015617082783,1059.0817478494125,1044.1504381797981,1.4098354258237513
